{
  "id": 100090304,
  "variation": 3,
  "pay_stamina_single": 11,
  "campaign_stamina_single": 5,
  "pay_stamina_multi": 2,
  "campaign_stamina_multi": 1,
  "continues": 3,
  "revives": 1,
  "name": "In the Shadow of Radiance",
  "type": 1,
  "area_info": [
    {
      "scene_path": "Main/09/MAIN_09_0104_01",
      "area_name": "MAIN_09_0104_01"
    },
    {
      "scene_path": "Boss/BG004_5001_00/BG004_5001_00_00",
      "area_name": "MAIN_09_0104_02"
    }
  ],
  "odds_info": {
    "area_index": 0,
    "reaction_obj_count": 0,
    "drop_obj": [
      {
        "drop_list": [
          {
            "type": 13,
            "id": 1001,
            "quantity": 1,
            "place": 0
          }
        ],
        "obj_id": 3,
        "obj_type": 2,
        "is_rare": 0
      },
      {
        "drop_list": [],
        "obj_id": 4,
        "obj_type": 2,
        "is_rare": 0
      },
      {
        "drop_list": [
          {
            "type": 4,
            "id": 0,
            "quantity": 320,
            "place": 0
          },
          {
            "type": 8,
            "id": 104001044,
            "quantity": 1,
            "place": 0
          },
          {
            "type": 8,
            "id": 103001001,
            "quantity": 1,
            "place": 0
          }
        ],
        "obj_id": 1,
        "obj_type": 1,
        "is_rare": 0
      },
      {
        "drop_list": [
          {
            "type": 8,
            "id": 101001002,
            "quantity": 10,
            "place": 0
          },
          {
            "type": 8,
            "id": 103001001,
            "quantity": 1,
            "place": 0
          }
        ],
        "obj_id": 2,
        "obj_type": 1,
        "is_rare": 0
      }
    ],
    "enemy": [],
    "grade": []
  },
  "ChestDropInfo": [
    {
      "type": 13,
      "id": 1001,
      "min": 1,
      "max": 1,
      "promise": true,
      "special": false
    },
    {
      "type": 4,
      "id": 0,
      "min": 320,
      "max": 320,
      "promise": true,
      "special": false
    },
    {
      "type": 8,
      "id": 104001044,
      "min": 1,
      "max": 1,
      "promise": true,
      "special": false
    },
    {
      "type": 8,
      "id": 103001001,
      "min": 1,
      "max": 2,
      "promise": true,
      "special": false
    },
    {
      "type": 8,
      "id": 101001002,
      "min": 10,
      "max": 10,
      "promise": true,
      "special": false
    }
  ],
  "EnemyDropInfo": [
    {
      "type": 4,
      "id": 0,
      "min": 6,
      "max": 6,
      "promise": true,
      "special": false
    },
    {
      "type": 18,
      "id": 0,
      "min": 4,
      "max": 4,
      "promise": true,
      "special": false
    }
  ],
  "first_clear": [
    {
      "type": 23,
      "id": 0,
      "quantity": 5
    },
    {
      "type": 8,
      "id": 116001001,
      "quantity": 2
    },
    {
      "type": 8,
      "id": 117001001,
      "quantity": 2
    },
    {
      "type": 8,
      "id": 201009003,
      "quantity": 5
    },
    {
      "type": 8,
      "id": 201010042,
      "quantity": 10
    }
  ]
}