{
  "id": 100070111,
  "variation": 1,
  "pay_stamina_single": 5,
  "campaign_stamina_single": 2,
  "pay_stamina_multi": 1,
  "campaign_stamina_multi": 1,
  "continues": 3,
  "revives": 3,
  "name": "Pursue Emile!",
  "type": 1,
  "area_info": [
    {
      "scene_path": "Main/07/MAIN_07_0106_02",
      "area_name": "MAIN_07_0106_02"
    }
  ],
  "odds_info": {
    "area_index": 0,
    "reaction_obj_count": 0,
    "drop_obj": [
      {
        "drop_list": [],
        "obj_id": 1,
        "obj_type": 2,
        "is_rare": 0
      },
      {
        "drop_list": [
          {
            "type": 13,
            "id": 1001,
            "quantity": 1,
            "place": 0
          }
        ],
        "obj_id": 2,
        "obj_type": 2,
        "is_rare": 0
      },
      {
        "drop_list": [],
        "obj_id": 3,
        "obj_type": 2,
        "is_rare": 0
      },
      {
        "drop_list": [],
        "obj_id": 4,
        "obj_type": 2,
        "is_rare": 0
      },
      {
        "drop_list": [],
        "obj_id": 5,
        "obj_type": 2,
        "is_rare": 0
      },
      {
        "drop_list": [],
        "obj_id": 6,
        "obj_type": 2,
        "is_rare": 0
      }
    ],
    "enemy": [],
    "grade": []
  },
  "ChestDropInfo": [
    {
      "type": 13,
      "id": 1001,
      "min": 1,
      "max": 1,
      "promise": true,
      "special": false
    }
  ],
  "EnemyDropInfo": [
    {
      "type": 4,
      "id": 0,
      "min": 3,
      "max": 3,
      "promise": true,
      "special": false
    },
    {
      "type": 18,
      "id": 0,
      "min": 2,
      "max": 2,
      "promise": true,
      "special": false
    }
  ],
  "first_clear": [
    {
      "type": 23,
      "id": 0,
      "quantity": 5
    }
  ]
}