{
  "id": 100060203,
  "variation": 2,
  "pay_stamina_single": 11,
  "campaign_stamina_single": 5,
  "pay_stamina_multi": 2,
  "campaign_stamina_multi": 1,
  "continues": 3,
  "revives": 2,
  "name": "Night Meanderings",
  "type": 1,
  "area_info": [
    {
      "scene_path": "Main/06/MAIN_06_0106_01",
      "area_name": "MAIN_06_0106_01"
    },
    {
      "scene_path": "Boss/BG012_5001_00/BG012_5001_00_00",
      "area_name": "MAIN_06_0106_03"
    }
  ],
  "odds_info": {
    "area_index": 0,
    "reaction_obj_count": 1,
    "drop_obj": [
      {
        "drop_list": [
          {
            "type": 13,
            "id": 1001,
            "quantity": 1,
            "place": 0
          }
        ],
        "obj_id": 1,
        "obj_type": 2,
        "is_rare": 0
      },
      {
        "drop_list": [
          {
            "type": 4,
            "id": 0,
            "quantity": 5,
            "place": 0
          }
        ],
        "obj_id": 2,
        "obj_type": 2,
        "is_rare": 0
      },
      {
        "drop_list": [
          {
            "type": 4,
            "id": 0,
            "quantity": 5,
            "place": 0
          }
        ],
        "obj_id": 4,
        "obj_type": 2,
        "is_rare": 0
      },
      {
        "drop_list": [
          {
            "type": 4,
            "id": 0,
            "quantity": 5,
            "place": 0
          }
        ],
        "obj_id": 5,
        "obj_type": 2,
        "is_rare": 0
      },
      {
        "drop_list": [
          {
            "type": 13,
            "id": 1001,
            "quantity": 1,
            "place": 0
          }
        ],
        "obj_id": 6,
        "obj_type": 2,
        "is_rare": 0
      },
      {
        "drop_list": [],
        "obj_id": 8,
        "obj_type": 2,
        "is_rare": 0
      },
      {
        "drop_list": [
          {
            "type": 8,
            "id": 101001001,
            "quantity": 4,
            "place": 0
          },
          {
            "type": 8,
            "id": 104001032,
            "quantity": 1,
            "place": 0
          }
        ],
        "obj_id": 3,
        "obj_type": 1,
        "is_rare": 0
      },
      {
        "drop_list": [
          {
            "type": 8,
            "id": 101001001,
            "quantity": 4,
            "place": 0
          }
        ],
        "obj_id": 7,
        "obj_type": 1,
        "is_rare": 0
      },
      {
        "drop_list": [
          {
            "type": 8,
            "id": 101001001,
            "quantity": 4,
            "place": 0
          }
        ],
        "obj_id": 10,
        "obj_type": 1,
        "is_rare": 0
      }
    ],
    "enemy": [],
    "grade": []
  },
  "ChestDropInfo": [
    {
      "type": 13,
      "id": 1001,
      "min": 1,
      "max": 2,
      "promise": true,
      "special": false
    },
    {
      "type": 4,
      "id": 0,
      "min": 5,
      "max": 15,
      "promise": true,
      "special": false
    },
    {
      "type": 8,
      "id": 101001001,
      "min": 4,
      "max": 12,
      "promise": true,
      "special": false
    },
    {
      "type": 8,
      "id": 104001032,
      "min": 1,
      "max": 1,
      "promise": true,
      "special": false
    }
  ],
  "EnemyDropInfo": [
    {
      "type": 4,
      "id": 0,
      "min": 4,
      "max": 4,
      "promise": true,
      "special": false
    },
    {
      "type": 18,
      "id": 0,
      "min": 3,
      "max": 3,
      "promise": true,
      "special": false
    }
  ],
  "first_clear": [
    {
      "type": 23,
      "id": 0,
      "quantity": 5
    }
  ]
}