{
  "id": 100040108,
  "variation": 1,
  "pay_stamina_single": 4,
  "campaign_stamina_single": 2,
  "pay_stamina_multi": 1,
  "campaign_stamina_multi": 1,
  "continues": 3,
  "revives": 3,
  "name": "Resuming the Climb",
  "type": 1,
  "area_info": [
    {
      "scene_path": "Boss/BG004_5001_00/BG004_5001_00_00",
      "area_name": "MAIN_04_8809_02"
    }
  ],
  "odds_info": {
    "area_index": 0,
    "reaction_obj_count": 0,
    "drop_obj": [],
    "enemy": [],
    "grade": []
  },
  "ChestDropInfo": [],
  "EnemyDropInfo": [
    {
      "type": 4,
      "id": 0,
      "min": 70,
      "max": 73,
      "promise": false,
      "special": false
    },
    {
      "type": 8,
      "id": 101001001,
      "min": 1,
      "max": 1,
      "promise": false,
      "special": false
    },
    {
      "type": 8,
      "id": 202001001,
      "min": 1,
      "max": 1,
      "promise": false,
      "special": false
    },
    {
      "type": 18,
      "id": 0,
      "min": 2,
      "max": 2,
      "promise": true,
      "special": false
    }
  ]
}