{
  "id": 100070151,
  "variation": 1,
  "pay_stamina_single": 6,
  "campaign_stamina_single": 3,
  "pay_stamina_multi": 1,
  "campaign_stamina_multi": 1,
  "continues": 3,
  "revives": 3,
  "name": "Troublemaker on the Far Shore",
  "type": 1,
  "area_info": [
    {
      "scene_path": "Main/07/MAIN_07_9901_01",
      "area_name": "MAIN_07_9901_01"
    }
  ],
  "odds_info": {
    "area_index": 0,
    "reaction_obj_count": 0,
    "drop_obj": [],
    "enemy": [],
    "grade": []
  },
  "ChestDropInfo": [],
  "EnemyDropInfo": [
    {
      "type": 4,
      "id": 0,
      "min": 3,
      "max": 3,
      "promise": true,
      "special": false
    },
    {
      "type": 18,
      "id": 0,
      "min": 2,
      "max": 2,
      "promise": true,
      "special": false
    }
  ]
}