{
  "id": 100020105,
  "variation": 1,
  "pay_stamina_single": 3,
  "campaign_stamina_single": 1,
  "pay_stamina_multi": 1,
  "campaign_stamina_multi": 1,
  "continues": 3,
  "revives": 3,
  "name": "Flotsam and Jetsam",
  "type": 1,
  "area_info": [
    {
      "scene_path": "Main/02/MAIN_02_0103_02",
      "area_name": "MAIN_02_0103_02"
    }
  ],
  "odds_info": {
    "area_index": 0,
    "reaction_obj_count": 0,
    "drop_obj": [],
    "enemy": [],
    "grade": []
  },
  "ChestDropInfo": [],
  "EnemyDropInfo": [
    {
      "type": 4,
      "id": 0,
      "min": 50,
      "max": 51,
      "promise": false,
      "special": false
    },
    {
      "type": 8,
      "id": 104001021,
      "min": 1,
      "max": 1,
      "promise": false,
      "special": false
    },
    {
      "type": 8,
      "id": 202002001,
      "min": 2,
      "max": 2,
      "promise": false,
      "special": false
    },
    {
      "type": 18,
      "id": 0,
      "min": 0,
      "max": 0,
      "promise": true,
      "special": false
    }
  ],
  "first_clear": [
    {
      "type": 23,
      "id": 0,
      "quantity": 5
    }
  ]
}