{
  "id": 100000101,
  "variation": 1,
  "pay_stamina_single": 0,
  "campaign_stamina_single": 0,
  "pay_stamina_multi": 0,
  "campaign_stamina_multi": 0,
  "continues": 3,
  "revives": 3,
  "name": "Prologue",
  "type": 1,
  "area_info": [
    {
      "scene_path": "Prologue/PROLOGUE_01_0101_01",
      "area_name": "PROLOGUE_01_0101_01"
    },
    {
      "scene_path": "Boss/BG012_7001_00/BG012_7001_00_00",
      "area_name": "PROLOGUE_01_0101_04"
    },
    {
      "scene_path": "Prologue/PROLOGUE_01_0101_02",
      "area_name": "PROLOGUE_01_0101_02"
    },
    {
      "scene_path": "Boss/BG012_7001_00/BG012_7001_00_00",
      "area_name": "PROLOGUE_01_0101_05"
    },
    {
      "scene_path": "Boss/BG012_5001_00/BG012_5001_00_00",
      "area_name": "PROLOGUE_01_0101_03"
    },
    {
      "scene_path": "Boss/BG012_7001_00/BG012_7001_00_00",
      "area_name": "PROLOGUE_01_0101_06"
    }
  ],
  "odds_info": [],
  "ChestDropInfo": [],
  "EnemyDropInfo": []
}