{
  "id": 100070101,
  "variation": 1,
  "pay_stamina_single": 5,
  "campaign_stamina_single": 2,
  "pay_stamina_multi": 1,
  "campaign_stamina_multi": 1,
  "continues": 3,
  "revives": 3,
  "name": "The Narrow Road",
  "type": 1,
  "area_info": [
    {
      "scene_path": "Boss/BG006_5001_00/BG006_5001_00_02",
      "area_name": "MAIN_07_0101_03"
    }
  ],
  "odds_info": {
    "area_index": 0,
    "reaction_obj_count": 0,
    "drop_obj": [],
    "enemy": [],
    "grade": []
  },
  "ChestDropInfo": [],
  "EnemyDropInfo": [
    {
      "type": 4,
      "id": 0,
      "min": 3,
      "max": 3,
      "promise": true,
      "special": false
    },
    {
      "type": 18,
      "id": 0,
      "min": 1,
      "max": 1,
      "promise": true,
      "special": false
    }
  ],
  "first_clear": [
    {
      "type": 23,
      "id": 0,
      "quantity": 5
    }
  ]
}