{
  "id": 100110203,
  "variation": 2,
  "pay_stamina_single": 11,
  "campaign_stamina_single": 5,
  "pay_stamina_multi": 2,
  "campaign_stamina_multi": 1,
  "continues": 3,
  "revives": 2,
  "name": "Prince Emile's Obsession",
  "type": 1,
  "area_info": [
    {
      "scene_path": "Boss/BG038_5001_00/BG038_5001_00_00",
      "area_name": "MAIN_11_0103_01"
    }
  ],
  "odds_info": {
    "area_index": 0,
    "reaction_obj_count": 0,
    "drop_obj": [],
    "enemy": [],
    "grade": []
  },
  "ChestDropInfo": [],
  "EnemyDropInfo": [
    {
      "type": 4,
      "id": 0,
      "min": 7,
      "max": 7,
      "promise": true,
      "special": false
    },
    {
      "type": 18,
      "id": 0,
      "min": 4,
      "max": 4,
      "promise": true,
      "special": false
    }
  ],
  "first_clear": [
    {
      "type": 23,
      "id": 0,
      "quantity": 5
    },
    {
      "type": 4,
      "id": 0,
      "quantity": 20000
    },
    {
      "type": 8,
      "id": 104001013,
      "quantity": 3
    },
    {
      "type": 8,
      "id": 201009002,
      "quantity": 50
    },
    {
      "type": 8,
      "id": 201010012,
      "quantity": 10
    }
  ]
}