{
  "id": 100130251,
  "variation": 2,
  "pay_stamina_single": 12,
  "campaign_stamina_single": 6,
  "pay_stamina_multi": 2,
  "campaign_stamina_multi": 1,
  "continues": 3,
  "revives": 2,
  "name": "Battle on the Byroad",
  "type": 1,
  "area_info": [
    {
      "scene_path": "Boss/BG006_5001_00/BG006_5001_00_00",
      "area_name": "MAIN_13_0108_01"
    }
  ],
  "odds_info": {
    "area_index": 0,
    "reaction_obj_count": 0,
    "drop_obj": [],
    "enemy": [],
    "grade": []
  },
  "ChestDropInfo": [],
  "EnemyDropInfo": [
    {
      "type": 4,
      "id": 0,
      "min": 240,
      "max": 487,
      "promise": false,
      "special": false
    },
    {
      "type": 8,
      "id": 103001001,
      "min": 1,
      "max": 1,
      "promise": false,
      "special": false
    },
    {
      "type": 8,
      "id": 202003002,
      "min": 3,
      "max": 3,
      "promise": false,
      "special": false
    },
    {
      "type": 8,
      "id": 202003003,
      "min": 3,
      "max": 3,
      "promise": false,
      "special": false
    },
    {
      "type": 18,
      "id": 0,
      "min": 4,
      "max": 4,
      "promise": true,
      "special": false
    }
  ],
  "first_clear": [
    {
      "type": 23,
      "id": 0,
      "quantity": 5
    },
    {
      "type": 4,
      "id": 0,
      "quantity": 20000
    },
    {
      "type": 8,
      "id": 104001023,
      "quantity": 3
    },
    {
      "type": 8,
      "id": 201009002,
      "quantity": 50
    },
    {
      "type": 8,
      "id": 201010022,
      "quantity": 10
    }
  ]
}