{
  "id": 100160103,
  "variation": 1,
  "pay_stamina_single": 5,
  "campaign_stamina_single": 2,
  "pay_stamina_multi": 1,
  "campaign_stamina_multi": 1,
  "continues": 3,
  "revives": 3,
  "name": "Searching for the Truth",
  "type": 1,
  "area_info": [
    {
      "scene_path": "Boss/BG036_5001_00/BG036_5001_00_00",
      "area_name": "MAIN_16_0103_02"
    }
  ],
  "odds_info": {
    "area_index": 0,
    "reaction_obj_count": 0,
    "drop_obj": [],
    "enemy": [],
    "grade": []
  },
  "ChestDropInfo": [],
  "EnemyDropInfo": [
    {
      "type": 8,
      "id": 101001002,
      "min": 5,
      "max": 5,
      "promise": false,
      "special": false
    },
    {
      "type": 4,
      "id": 0,
      "min": 130,
      "max": 134,
      "promise": false,
      "special": false
    },
    {
      "type": 8,
      "id": 103001001,
      "min": 1,
      "max": 1,
      "promise": false,
      "special": false
    },
    {
      "type": 8,
      "id": 202003001,
      "min": 3,
      "max": 3,
      "promise": false,
      "special": false
    },
    {
      "type": 8,
      "id": 202003002,
      "min": 2,
      "max": 2,
      "promise": false,
      "special": false
    },
    {
      "type": 8,
      "id": 202004002,
      "min": 2,
      "max": 2,
      "promise": false,
      "special": false
    },
    {
      "type": 18,
      "id": 0,
      "min": 4,
      "max": 4,
      "promise": true,
      "special": false
    }
  ]
}