{
  "id": 100150252,
  "variation": 2,
  "pay_stamina_single": 12,
  "campaign_stamina_single": 6,
  "pay_stamina_multi": 2,
  "campaign_stamina_multi": 1,
  "continues": 0,
  "revives": 2,
  "name": "???",
  "type": 1,
  "area_info": [
    {
      "scene_path": "Boss/BG022_5001_00/BG022_5001_00_00",
      "area_name": "MAIN_15_0108_01"
    }
  ],
  "odds_info": {
    "area_index": 0,
    "reaction_obj_count": 0,
    "drop_obj": [],
    "enemy": [],
    "grade": []
  },
  "ChestDropInfo": [],
  "EnemyDropInfo": [
    {
      "type": 8,
      "id": 104001041,
      "min": 4,
      "max": 8,
      "promise": false,
      "special": false
    },
    {
      "type": 8,
      "id": 104001042,
      "min": 1,
      "max": 1,
      "promise": false,
      "special": false
    },
    {
      "type": 8,
      "id": 103001001,
      "min": 1,
      "max": 1,
      "promise": false,
      "special": false
    },
    {
      "type": 8,
      "id": 202003002,
      "min": 2,
      "max": 2,
      "promise": false,
      "special": false
    },
    {
      "type": 8,
      "id": 202003003,
      "min": 2,
      "max": 2,
      "promise": false,
      "special": false
    },
    {
      "type": 8,
      "id": 202004003,
      "min": 1,
      "max": 1,
      "promise": false,
      "special": false
    },
    {
      "type": 4,
      "id": 0,
      "min": 8,
      "max": 8,
      "promise": true,
      "special": false
    },
    {
      "type": 18,
      "id": 0,
      "min": 5,
      "max": 5,
      "promise": true,
      "special": false
    }
  ]
}