{
  "id": 100140204,
  "variation": 2,
  "pay_stamina_single": 11,
  "campaign_stamina_single": 5,
  "pay_stamina_multi": 2,
  "campaign_stamina_multi": 1,
  "continues": 3,
  "revives": 2,
  "name": "Assault of the Flame Beast",
  "type": 1,
  "area_info": [
    {
      "scene_path": "Boss/BG031_5001_00/BG031_5001_00_00",
      "area_name": "MAIN_14_0103_01"
    }
  ],
  "odds_info": {
    "area_index": 0,
    "reaction_obj_count": 0,
    "drop_obj": [],
    "enemy": [],
    "grade": []
  },
  "ChestDropInfo": [],
  "EnemyDropInfo": [
    {
      "type": 8,
      "id": 103001001,
      "min": 1,
      "max": 2,
      "promise": false,
      "special": false
    },
    {
      "type": 8,
      "id": 202003002,
      "min": 2,
      "max": 2,
      "promise": false,
      "special": false
    },
    {
      "type": 8,
      "id": 202003003,
      "min": 3,
      "max": 3,
      "promise": false,
      "special": false
    },
    {
      "type": 8,
      "id": 202004003,
      "min": 1,
      "max": 1,
      "promise": false,
      "special": false
    },
    {
      "type": 4,
      "id": 0,
      "min": 8,
      "max": 8,
      "promise": true,
      "special": false
    },
    {
      "type": 18,
      "id": 0,
      "min": 3,
      "max": 3,
      "promise": true,
      "special": false
    }
  ],
  "first_clear": [
    {
      "type": 23,
      "id": 0,
      "quantity": 5
    },
    {
      "type": 4,
      "id": 0,
      "quantity": 20000
    },
    {
      "type": 8,
      "id": 204022002,
      "quantity": 3
    },
    {
      "type": 8,
      "id": 204022003,
      "quantity": 1
    }
  ]
}