{
  "id": 100130152,
  "variation": 1,
  "pay_stamina_single": 6,
  "campaign_stamina_single": 3,
  "pay_stamina_multi": 1,
  "campaign_stamina_multi": 1,
  "continues": 0,
  "revives": 3,
  "name": "???",
  "type": 1,
  "area_info": [
    {
      "scene_path": "Boss/BG006_5001_00/BG006_5001_00_00",
      "area_name": "MAIN_13_0109_01"
    }
  ],
  "odds_info": {
    "area_index": 0,
    "reaction_obj_count": 0,
    "drop_obj": [],
    "enemy": [],
    "grade": []
  },
  "ChestDropInfo": [],
  "EnemyDropInfo": [
    {
      "type": 8,
      "id": 104001021,
      "min": 3,
      "max": 3,
      "promise": false,
      "special": false
    },
    {
      "type": 4,
      "id": 0,
      "min": 130,
      "max": 134,
      "promise": false,
      "special": false
    },
    {
      "type": 8,
      "id": 103001001,
      "min": 1,
      "max": 1,
      "promise": false,
      "special": false
    },
    {
      "type": 8,
      "id": 202003001,
      "min": 2,
      "max": 2,
      "promise": false,
      "special": false
    },
    {
      "type": 8,
      "id": 202003002,
      "min": 3,
      "max": 3,
      "promise": false,
      "special": false
    },
    {
      "type": 18,
      "id": 0,
      "min": 3,
      "max": 3,
      "promise": true,
      "special": false
    }
  ],
  "first_clear": [
    {
      "type": 23,
      "id": 0,
      "quantity": 5
    },
    {
      "type": 4,
      "id": 0,
      "quantity": 10000
    },
    {
      "type": 8,
      "id": 104001022,
      "quantity": 5
    },
    {
      "type": 8,
      "id": 201009001,
      "quantity": 100
    },
    {
      "type": 8,
      "id": 201010021,
      "quantity": 50
    }
  ]
}