{
  "id": 100130204,
  "variation": 2,
  "pay_stamina_single": 11,
  "campaign_stamina_single": 5,
  "pay_stamina_multi": 2,
  "campaign_stamina_multi": 1,
  "continues": 3,
  "revives": 2,
  "name": "The Black Fiends",
  "type": 1,
  "area_info": [
    {
      "scene_path": "Main/13/MAIN_13_0103_01",
      "area_name": "MAIN_13_0103_01"
    },
    {
      "scene_path": "Boss/BG006_5001_00/BG006_5001_00_03",
      "area_name": "MAIN_13_0103_02"
    }
  ],
  "odds_info": {
    "area_index": 0,
    "reaction_obj_count": 0,
    "drop_obj": [
      {
        "drop_list": [
          {
            "type": 13,
            "id": 1001,
            "quantity": 1,
            "place": 0
          }
        ],
        "obj_id": 4,
        "obj_type": 2,
        "is_rare": 0
      },
      {
        "drop_list": [
          {
            "type": 13,
            "id": 1001,
            "quantity": 1,
            "place": 0
          }
        ],
        "obj_id": 5,
        "obj_type": 2,
        "is_rare": 0
      },
      {
        "drop_list": [
          {
            "type": 13,
            "id": 1001,
            "quantity": 1,
            "place": 0
          }
        ],
        "obj_id": 6,
        "obj_type": 2,
        "is_rare": 0
      },
      {
        "drop_list": [],
        "obj_id": 7,
        "obj_type": 2,
        "is_rare": 0
      },
      {
        "drop_list": [
          {
            "type": 4,
            "id": 0,
            "quantity": 5,
            "place": 0
          }
        ],
        "obj_id": 8,
        "obj_type": 2,
        "is_rare": 0
      },
      {
        "drop_list": [
          {
            "type": 4,
            "id": 0,
            "quantity": 240,
            "place": 0
          },
          {
            "type": 8,
            "id": 103001001,
            "quantity": 1,
            "place": 0
          }
        ],
        "obj_id": 1,
        "obj_type": 1,
        "is_rare": 0
      },
      {
        "drop_list": [
          {
            "type": 4,
            "id": 0,
            "quantity": 240,
            "place": 0
          },
          {
            "type": 8,
            "id": 103001001,
            "quantity": 1,
            "place": 0
          }
        ],
        "obj_id": 2,
        "obj_type": 1,
        "is_rare": 0
      }
    ],
    "enemy": [],
    "grade": []
  },
  "ChestDropInfo": [
    {
      "type": 13,
      "id": 1001,
      "min": 1,
      "max": 3,
      "promise": true,
      "special": false
    },
    {
      "type": 4,
      "id": 0,
      "min": 5,
      "max": 485,
      "promise": true,
      "special": false
    },
    {
      "type": 8,
      "id": 103001001,
      "min": 1,
      "max": 2,
      "promise": true,
      "special": false
    }
  ],
  "EnemyDropInfo": [
    {
      "type": 4,
      "id": 0,
      "min": 7,
      "max": 7,
      "promise": true,
      "special": false
    },
    {
      "type": 18,
      "id": 0,
      "min": 5,
      "max": 5,
      "promise": true,
      "special": false
    }
  ],
  "first_clear": [
    {
      "type": 23,
      "id": 0,
      "quantity": 5
    },
    {
      "type": 4,
      "id": 0,
      "quantity": 20000
    },
    {
      "type": 8,
      "id": 104001053,
      "quantity": 3
    },
    {
      "type": 8,
      "id": 201009002,
      "quantity": 50
    },
    {
      "type": 8,
      "id": 201010052,
      "quantity": 10
    }
  ]
}