{
  "id": 100170101,
  "variation": 1,
  "pay_stamina_single": 5,
  "campaign_stamina_single": 2,
  "pay_stamina_multi": 1,
  "campaign_stamina_multi": 1,
  "continues": 3,
  "revives": 3,
  "name": "The Road to Grams",
  "type": 1,
  "area_info": [
    {
      "scene_path": "Main/17/MAIN_17_0101_01",
      "area_name": "MAIN_17_0101_01"
    },
    {
      "scene_path": "Boss/BG036_5001_00/BG036_5001_00_00",
      "area_name": "MAIN_17_0101_02"
    }
  ],
  "odds_info": {
    "area_index": 0,
    "reaction_obj_count": 0,
    "drop_obj": [
      {
        "drop_list": [
          {
            "type": 4,
            "id": 0,
            "quantity": 130,
            "place": 0
          },
          {
            "type": 8,
            "id": 104001032,
            "quantity": 1,
            "place": 0
          },
          {
            "type": 8,
            "id": 103001001,
            "quantity": 1,
            "place": 0
          }
        ],
        "obj_id": 1,
        "obj_type": 1,
        "is_rare": 0
      }
    ],
    "enemy": [],
    "grade": []
  },
  "ChestDropInfo": [
    {
      "type": 4,
      "id": 0,
      "min": 130,
      "max": 130,
      "promise": true,
      "special": false
    },
    {
      "type": 8,
      "id": 104001032,
      "min": 1,
      "max": 1,
      "promise": true,
      "special": false
    },
    {
      "type": 8,
      "id": 103001001,
      "min": 1,
      "max": 1,
      "promise": true,
      "special": false
    }
  ],
  "EnemyDropInfo": [
    {
      "type": 4,
      "id": 0,
      "min": 4,
      "max": 4,
      "promise": true,
      "special": false
    },
    {
      "type": 18,
      "id": 0,
      "min": 2,
      "max": 2,
      "promise": true,
      "special": false
    }
  ],
  "first_clear": [
    {
      "type": 23,
      "id": 0,
      "quantity": 5
    },
    {
      "type": 4,
      "id": 0,
      "quantity": 10000
    },
    {
      "type": 8,
      "id": 104001032,
      "quantity": 5
    },
    {
      "type": 8,
      "id": 201009001,
      "quantity": 100
    },
    {
      "type": 8,
      "id": 201010031,
      "quantity": 50
    }
  ]
}